{"val_loss": [0.7133727560497664, 0.6286070879999668, 0.574363882360523, 0.5309090856703034, 0.4725879204831092, 0.44529100126519094, 0.4104611555870814, 0.40924579989998633, 0.3680712450207952, 0.34804077712067893, 0.3268408231978928, 0.332515040226442, 0.30393438700779773, 0.3185113411297368, 0.29285262113224586, 0.27971498665904854, 0.2715367528303051, 0.2691166320235489, 0.2578281433013956, 0.25777381006151456, 0.2526201613700968, 0.24944971584778894, 0.23783376771559858, 0.23313326400919748, 0.23336794618448498, 0.23470549106261457, 0.23633564923948588, 0.2197336709434283, 0.22550404298480073, 0.21828328133374034, 0.21385173906921004, 0.21324035062836613, 0.22719913654120155, 0.20630344767150163, 0.20775752655626376, 0.2074080539778403, 0.20140098864871153, 0.20338847523794631, 0.20366430639253272, 0.19877336551280309, 0.20125397253028565, 0.19664789738159108, 0.19554307346069624, 0.19465156501556166, 0.19174297419551434, 0.19354887201341106, 0.19059910292876608, 0.1897508027975262, 0.19492327868091616, 0.18914500000186077], "val_acc": [0.8021669568276152, 0.8212420663523815, 0.8325249618938869, 0.8441096663615412, 0.8597642841172056, 0.867279900644093, 0.8785237054863707, 0.8741874678885393, 0.8916060820476713, 0.8977748059352756, 0.9039592932270725, 0.900514289203677, 0.9112987047288588, 0.9036358868121783, 0.9155814815064678, 0.9197443029107464, 0.9223633008903591, 0.9224432976651321, 0.9267370708450805, 0.9265573807266704, 0.9273526710541309, 0.9286518872614299, 0.9335597225766966, 0.9344162838845392, 0.9347813833957321, 0.9337705437726426, 0.932862902926715, 0.9389185060068168, 0.9368606309304558, 0.9395451451918355, 0.9407136369402745, 0.94088997609467, 0.9356799108360955, 0.9432613783114127, 0.9427798588985921, 0.943027467063502, 0.9447490527236354, 0.9442764058549689, 0.9443634158752198, 0.9454269065918888, 0.94510834726665, 0.946351499810354, 0.946562340233, 0.9470769124643043, 0.9479868550546512, 0.9472022357116421, 0.9482023086556762, 0.948243407493851, 0.9469002787387691, 0.9485222972378656], "loss": [0.7849752793497545, 0.6813558506556949, 0.6136858568452723, 0.5622118365689728, 0.5203181489362295, 0.4838672264408071, 0.4512496171081995, 0.424904440605252, 0.4030875569939374, 0.3847905184607805, 0.3673403412517167, 0.3525724278438992, 0.340213108366288, 0.32876693566084186, 0.31953030303190805, 0.30944987247083305, 0.3012405836631744, 0.2936723823863254, 0.2878215548267473, 0.28119011634694197, 0.2755122396678704, 0.27029119950314895, 0.265252747108022, 0.2606756990575804, 0.2560068076328617, 0.2529734951668683, 0.24962325964620144, 0.24707379648722863, 0.24353122445906913, 0.24061016728698706, 0.23730711252787556, 0.23480510374777885, 0.2332074807902017, 0.23175544119468106, 0.2285700984205112, 0.22697728946880533, 0.2254974012859082, 0.22312095021738065, 0.2212728689162013, 0.21953868094530038, 0.2181207916083672, 0.21663412374874705, 0.2151390737994707, 0.21316493009301388, 0.21207981649595498, 0.21154531520701553, 0.21064929981568195, 0.20897935935166953, 0.20820064748955494, 0.20759760261337884], "acc": [0.7911032362750919, 0.8086206698547485, 0.8230737234282901, 0.8349195138053933, 0.8454570761860635, 0.8553303817464548, 0.8645593326288862, 0.8722289849803287, 0.8789504971818491, 0.8846747423424185, 0.8902498303371731, 0.8950284033163222, 0.8991767017882917, 0.9029025352499177, 0.9061271839003735, 0.9093799912494719, 0.9122106582956306, 0.9146516625588192, 0.9167246874874518, 0.9189327201893213, 0.9208750619683569, 0.9226498503576404, 0.9242377577864834, 0.9257960978459329, 0.9272456788102547, 0.9283585659442811, 0.9294266357659033, 0.9303297417759749, 0.9314453288433036, 0.9324159548573114, 0.9334378453276602, 0.9342205678459562, 0.9348597002097534, 0.9353495519040828, 0.9362994843422988, 0.9369049261107356, 0.937344388948186, 0.9381850573888177, 0.9387355228675284, 0.9392168684106861, 0.9396679186930968, 0.9402321388752667, 0.9406138000724634, 0.9412902819565397, 0.9416499627399935, 0.9418657709398623, 0.9421022516291763, 0.942656556850993, 0.9429227419457186, 0.9431386764441104]}